{"hits_1_tail": 0.0, "hits_3_tail": 0.03, "hits_5_tail": 0.03, "hits_10_tail": 0.04, "mr_head": 1196.55, "mrr_head": 0.03084417254600632, "hits_1_head": 0.01, "hits_3_head": 0.04, "hits_5_head": 0.04, "hits_10_head": 0.06, "mr_tail": 1870.07, "mrr_tail": 0.017364457561640356}