{"hits_1_tail": 0.010869565217391304, "hits_3_tail": 0.021739130434782608, "hits_5_tail": 0.03260869565217391, "hits_10_tail": 0.03260869565217391, "mr_head": 554.9130434782609, "mrr_head": 0.07680043358243693, "hits_1_head": 0.03260869565217391, "hits_3_head": 0.08695652173913043, "hits_5_head": 0.10869565217391304, "hits_10_head": 0.13043478260869565, "mr_tail": 1239.2282608695652, "mrr_tail": 0.019696220942016476}