{"hits_1_tail": 0.039603960396039604, "hits_3_tail": 0.0594059405940594, "hits_5_tail": 0.0594059405940594, "hits_10_tail": 0.07920792079207921, "mr_head": 770.7029702970297, "mrr_head": 0.06744801882466954, "hits_1_head": 0.0297029702970297, "hits_3_head": 0.07920792079207921, "hits_5_head": 0.10891089108910891, "hits_10_head": 0.12871287128712872, "mr_tail": 1133.980198019802, "mrr_tail": 0.05451733377228916}