{"hits_1_tail": 0.022988505747126436, "hits_3_tail": 0.022988505747126436, "hits_5_tail": 0.022988505747126436, "hits_10_tail": 0.034482758620689655, "mr_head": 819.0, "mrr_head": 0.03874002312589586, "hits_1_head": 0.022988505747126436, "hits_3_head": 0.022988505747126436, "hits_5_head": 0.022988505747126436, "hits_10_head": 0.08045977011494253, "mr_tail": 1810.2068965517242, "mrr_tail": 0.02669913404427726}