{"hits_1_tail": 0.007874015748031496, "hits_3_tail": 0.03937007874015748, "hits_5_tail": 0.047244094488188976, "hits_10_tail": 0.05511811023622047, "mr_head": 725.9133858267717, "mrr_head": 0.04410693703700625, "hits_1_head": 0.007874015748031496, "hits_3_head": 0.023622047244094488, "hits_5_head": 0.06299212598425197, "hits_10_head": 0.13385826771653545, "mr_tail": 1473.3070866141732, "mrr_tail": 0.02622553346136055}