{"hits_1_tail": 0.0064516129032258064, "hits_3_tail": 0.012903225806451613, "hits_5_tail": 0.025806451612903226, "hits_10_tail": 0.025806451612903226, "mr_head": 892.3354838709678, "mrr_head": 0.06008344515517145, "hits_1_head": 0.03870967741935484, "hits_3_head": 0.05161290322580645, "hits_5_head": 0.07096774193548387, "hits_10_head": 0.07741935483870968, "mr_tail": 1692.6193548387096, "mrr_tail": 0.015378359708243909}