{"hits_1_tail": 0.009009009009009009, "hits_3_tail": 0.018018018018018018, "hits_5_tail": 0.018018018018018018, "hits_10_tail": 0.018018018018018018, "mr_head": 730.7837837837837, "mrr_head": 0.043584075778020405, "hits_1_head": 0.018018018018018018, "hits_3_head": 0.036036036036036036, "hits_5_head": 0.04504504504504504, "hits_10_head": 0.08108108108108109, "mr_tail": 1494.954954954955, "mrr_tail": 0.01626183899962483}