{"hits_1_tail": 0.0, "hits_3_tail": 0.0, "hits_5_tail": 0.07142857142857142, "hits_10_tail": 0.07142857142857142, "mr_head": 982.2857142857143, "mrr_head": 0.00547378165821716, "hits_1_head": 0.0, "hits_3_head": 0.0, "hits_5_head": 0.0, "hits_10_head": 0.0, "mr_tail": 454.42857142857144, "mrr_tail": 0.022020560518079164}