{"hits_1_tail": 0.00909090909090909, "hits_3_tail": 0.01818181818181818, "hits_5_tail": 0.02727272727272727, "hits_10_tail": 0.03636363636363636, "mr_head": 1125.3909090909092, "mrr_head": 0.042277354283381474, "hits_1_head": 0.02727272727272727, "hits_3_head": 0.03636363636363636, "hits_5_head": 0.045454545454545456, "hits_10_head": 0.07272727272727272, "mr_tail": 2138.3636363636365, "mrr_tail": 0.0206426372965835}