{"hits_1_tail": 0.0, "hits_3_tail": 0.018018018018018018, "hits_5_tail": 0.02702702702702703, "hits_10_tail": 0.036036036036036036, "mr_head": 656.0360360360361, "mrr_head": 0.03312409520841256, "hits_1_head": 0.0, "hits_3_head": 0.02702702702702703, "hits_5_head": 0.05405405405405406, "hits_10_head": 0.07207207207207207, "mr_tail": 1446.162162162162, "mrr_tail": 0.011578731072329507}