{"hits_1_tail": 0.01, "hits_3_tail": 0.02, "hits_5_tail": 0.02, "hits_10_tail": 0.03, "mr_head": 1067.89, "mrr_head": 0.03878094137319213, "hits_1_head": 0.02, "hits_3_head": 0.03, "hits_5_head": 0.04, "hits_10_head": 0.08, "mr_tail": 1819.58, "mrr_tail": 0.018990105173900085}