{"hits_1_tail": 0.07142857142857142, "hits_3_tail": 0.14285714285714285, "hits_5_tail": 0.14285714285714285, "hits_10_tail": 0.14285714285714285, "mr_head": 885.9285714285714, "mrr_head": 0.008489172768169882, "hits_1_head": 0.0, "hits_3_head": 0.0, "hits_5_head": 0.0, "hits_10_head": 0.0, "mr_tail": 454.2142857142857, "mrr_tail": 0.10014902485689355}