{"hits_1_tail": 0.01935483870967742, "hits_3_tail": 0.025806451612903226, "hits_5_tail": 0.025806451612903226, "hits_10_tail": 0.025806451612903226, "mr_head": 882.8451612903226, "mrr_head": 0.04922774033205178, "hits_1_head": 0.01935483870967742, "hits_3_head": 0.04516129032258064, "hits_5_head": 0.05806451612903226, "hits_10_head": 0.1032258064516129, "mr_tail": 1632.0064516129032, "mrr_tail": 0.023700874327542615}