{"hits_1_tail": 0.021739130434782608, "hits_3_tail": 0.03260869565217391, "hits_5_tail": 0.05434782608695652, "hits_10_tail": 0.06521739130434782, "mr_head": 585.0869565217391, "mrr_head": 0.08694944233844577, "hits_1_head": 0.05434782608695652, "hits_3_head": 0.08695652173913043, "hits_5_head": 0.10869565217391304, "hits_10_head": 0.13043478260869565, "mr_tail": 1227.1847826086957, "mrr_tail": 0.034933898522384155}