{"hits_1_tail": 0.019801980198019802, "hits_3_tail": 0.039603960396039604, "hits_5_tail": 0.0594059405940594, "hits_10_tail": 0.06930693069306931, "mr_head": 693.4950495049505, "mrr_head": 0.07366056375203993, "hits_1_head": 0.039603960396039604, "hits_3_head": 0.0594059405940594, "hits_5_head": 0.09900990099009901, "hits_10_head": 0.16831683168316833, "mr_tail": 1094.2871287128712, "mrr_tail": 0.03839040734691381}