{"hits_1_tail": 0.023622047244094488, "hits_3_tail": 0.023622047244094488, "hits_5_tail": 0.03937007874015748, "hits_10_tail": 0.047244094488188976, "mr_head": 747.2677165354331, "mrr_head": 0.07124067498024027, "hits_1_head": 0.047244094488188976, "hits_3_head": 0.05511811023622047, "hits_5_head": 0.08661417322834646, "hits_10_head": 0.11023622047244094, "mr_tail": 1488.9291338582677, "mrr_tail": 0.030635930509944034}