{"hits_1_tail": 0.00909090909090909, "hits_3_tail": 0.03636363636363636, "hits_5_tail": 0.03636363636363636, "hits_10_tail": 0.045454545454545456, "mr_head": 998.5909090909091, "mrr_head": 0.04684763856927506, "hits_1_head": 0.02727272727272727, "hits_3_head": 0.045454545454545456, "hits_5_head": 0.045454545454545456, "hits_10_head": 0.05454545454545454, "mr_tail": 1871.9545454545455, "mrr_tail": 0.025043142026057934}