{"hits_1_tail": 0.011494252873563218, "hits_3_tail": 0.022988505747126436, "hits_5_tail": 0.04597701149425287, "hits_10_tail": 0.05747126436781609, "mr_head": 881.6666666666666, "mrr_head": 0.03719335012556051, "hits_1_head": 0.022988505747126436, "hits_3_head": 0.022988505747126436, "hits_5_head": 0.022988505747126436, "hits_10_head": 0.04597701149425287, "mr_tail": 1871.16091954023, "mrr_tail": 0.02647472987632125}