{"hits_1_tail": 0.03260869565217391, "hits_3_tail": 0.05434782608695652, "hits_5_tail": 0.05434782608695652, "hits_10_tail": 0.05434782608695652, "mr_head": 578.4021739130435, "mrr_head": 0.06870928841499004, "hits_1_head": 0.03260869565217391, "hits_3_head": 0.05434782608695652, "hits_5_head": 0.07608695652173914, "hits_10_head": 0.14130434782608695, "mr_tail": 1303.1739130434783, "mrr_tail": 0.042536784239609576}