{"hits_1_tail": 0.039603960396039604, "hits_3_tail": 0.0594059405940594, "hits_5_tail": 0.0594059405940594, "hits_10_tail": 0.0594059405940594, "mr_head": 734.7425742574258, "mrr_head": 0.05920769715525795, "hits_1_head": 0.019801980198019802, "hits_3_head": 0.0594059405940594, "hits_5_head": 0.09900990099009901, "hits_10_head": 0.12871287128712872, "mr_tail": 1263.019801980198, "mrr_tail": 0.050097010534343726}