{"hits_1_tail": 0.023622047244094488, "hits_3_tail": 0.023622047244094488, "hits_5_tail": 0.031496062992125984, "hits_10_tail": 0.031496062992125984, "mr_head": 771.1732283464567, "mrr_head": 0.07329269968981371, "hits_1_head": 0.047244094488188976, "hits_3_head": 0.07086614173228346, "hits_5_head": 0.07874015748031496, "hits_10_head": 0.11811023622047244, "mr_tail": 1536.8425196850394, "mrr_tail": 0.028644569436305892}