{"hits_1_tail": 0.012903225806451613, "hits_3_tail": 0.03225806451612903, "hits_5_tail": 0.03225806451612903, "hits_10_tail": 0.03225806451612903, "mr_head": 935.4064516129032, "mrr_head": 0.04575843270967222, "hits_1_head": 0.01935483870967742, "hits_3_head": 0.04516129032258064, "hits_5_head": 0.06451612903225806, "hits_10_head": 0.09032258064516129, "mr_tail": 1641.3225806451612, "mrr_tail": 0.022358738317173058}