{"hits_1_tail": 0.0, "hits_3_tail": 0.07142857142857142, "hits_5_tail": 0.07142857142857142, "hits_10_tail": 0.21428571428571427, "mr_head": 1027.357142857143, "mrr_head": 0.004644447586317438, "hits_1_head": 0.0, "hits_3_head": 0.0, "hits_5_head": 0.0, "hits_10_head": 0.0, "mr_tail": 480.2142857142857, "mrr_tail": 0.060508029232865655}