{"hits_1_tail": 0.01, "hits_3_tail": 0.02, "hits_5_tail": 0.03, "hits_10_tail": 0.03, "mr_head": 1114.59, "mrr_head": 0.03131543108355983, "hits_1_head": 0.01, "hits_3_head": 0.04, "hits_5_head": 0.05, "hits_10_head": 0.07, "mr_tail": 1825.12, "mrr_tail": 0.021739576452844925}