{"hits_1_tail": 0.01818181818181818, "hits_3_tail": 0.02727272727272727, "hits_5_tail": 0.03636363636363636, "hits_10_tail": 0.03636363636363636, "mr_head": 1035.5636363636363, "mrr_head": 0.043262588823397854, "hits_1_head": 0.02727272727272727, "hits_3_head": 0.03636363636363636, "hits_5_head": 0.05454545454545454, "hits_10_head": 0.05454545454545454, "mr_tail": 1799.2, "mrr_tail": 0.027157207389103388}