{"hits_1_tail": 0.011494252873563218, "hits_3_tail": 0.011494252873563218, "hits_5_tail": 0.022988505747126436, "hits_10_tail": 0.022988505747126436, "mr_head": 915.1379310344828, "mrr_head": 0.029113394705496332, "hits_1_head": 0.011494252873563218, "hits_3_head": 0.022988505747126436, "hits_5_head": 0.022988505747126436, "hits_10_head": 0.04597701149425287, "mr_tail": 1846.7011494252874, "mrr_tail": 0.017324270768109874}