{"hits_1_tail": 0.018018018018018018, "hits_3_tail": 0.018018018018018018, "hits_5_tail": 0.018018018018018018, "hits_10_tail": 0.036036036036036036, "mr_head": 772.8558558558559, "mrr_head": 0.036900305053736676, "hits_1_head": 0.018018018018018018, "hits_3_head": 0.02702702702702703, "hits_5_head": 0.036036036036036036, "hits_10_head": 0.05405405405405406, "mr_tail": 1575.3963963963963, "mrr_tail": 0.023015437546901447}