{"hits_1_tail": 0.022988505747126436, "hits_3_tail": 0.022988505747126436, "hits_5_tail": 0.04597701149425287, "hits_10_tail": 0.05747126436781609, "mr_head": 957.551724137931, "mrr_head": 0.04363628786399087, "hits_1_head": 0.022988505747126436, "hits_3_head": 0.04597701149425287, "hits_5_head": 0.05747126436781609, "hits_10_head": 0.06896551724137931, "mr_tail": 1866.7931034482758, "mrr_tail": 0.03240114702341436}