{"hits_1_tail": 0.009009009009009009, "hits_3_tail": 0.02702702702702703, "hits_5_tail": 0.02702702702702703, "hits_10_tail": 0.04504504504504504, "mr_head": 675.6486486486486, "mrr_head": 0.0319834489328076, "hits_1_head": 0.009009009009009009, "hits_3_head": 0.018018018018018018, "hits_5_head": 0.036036036036036036, "hits_10_head": 0.06306306306306306, "mr_tail": 1425.0, "mrr_tail": 0.02177446365240893}