{"hits_1_tail": 0.0, "hits_3_tail": 0.03, "hits_5_tail": 0.03, "hits_10_tail": 0.03, "mr_head": 1046.87, "mrr_head": 0.02618572986981171, "hits_1_head": 0.0, "hits_3_head": 0.02, "hits_5_head": 0.04, "hits_10_head": 0.09, "mr_tail": 1738.47, "mrr_tail": 0.01660595923994602}