{"hits_1_tail": 0.0297029702970297, "hits_3_tail": 0.039603960396039604, "hits_5_tail": 0.04950495049504951, "hits_10_tail": 0.0594059405940594, "mr_head": 666.9306930693069, "mrr_head": 0.06743004694927547, "hits_1_head": 0.019801980198019802, "hits_3_head": 0.07920792079207921, "hits_5_head": 0.1188118811881188, "hits_10_head": 0.15841584158415842, "mr_tail": 1173.6633663366338, "mrr_tail": 0.039658346722814604}