{"hits_1_tail": 0.015748031496062992, "hits_3_tail": 0.031496062992125984, "hits_5_tail": 0.03937007874015748, "hits_10_tail": 0.03937007874015748, "mr_head": 784.4803149606299, "mrr_head": 0.04774849145030638, "hits_1_head": 0.015748031496062992, "hits_3_head": 0.03937007874015748, "hits_5_head": 0.07086614173228346, "hits_10_head": 0.11023622047244094, "mr_tail": 1469.724409448819, "mrr_tail": 0.026704139698683828}