{"hits_1_tail": 0.01818181818181818, "hits_3_tail": 0.02727272727272727, "hits_5_tail": 0.03636363636363636, "hits_10_tail": 0.03636363636363636, "mr_head": 1086.9636363636364, "mrr_head": 0.04483917290649435, "hits_1_head": 0.02727272727272727, "hits_3_head": 0.03636363636363636, "hits_5_head": 0.03636363636363636, "hits_10_head": 0.08181818181818182, "mr_tail": 1843.5363636363636, "mrr_tail": 0.027268754539095174}