{"hits_1_tail": 0.021739130434782608, "hits_3_tail": 0.05434782608695652, "hits_5_tail": 0.05434782608695652, "hits_10_tail": 0.06521739130434782, "mr_head": 512.4130434782609, "mrr_head": 0.07965322863201024, "hits_1_head": 0.03260869565217391, "hits_3_head": 0.07608695652173914, "hits_5_head": 0.11956521739130435, "hits_10_head": 0.17391304347826086, "mr_tail": 1214.7173913043478, "mrr_tail": 0.04110875604154996}