{"hits_1_tail": 0.0064516129032258064, "hits_3_tail": 0.01935483870967742, "hits_5_tail": 0.025806451612903226, "hits_10_tail": 0.03225806451612903, "mr_head": 934.3354838709678, "mrr_head": 0.04856808558361401, "hits_1_head": 0.01935483870967742, "hits_3_head": 0.04516129032258064, "hits_5_head": 0.05161290322580645, "hits_10_head": 0.08387096774193549, "mr_tail": 1676.258064516129, "mrr_tail": 0.014595880499902297}