{"hits_1_tail": 0.0, "hits_3_tail": 0.009009009009009009, "hits_5_tail": 0.018018018018018018, "hits_10_tail": 0.02702702702702703, "mr_head": 626.6666666666666, "mrr_head": 0.04951508902585582, "hits_1_head": 0.036036036036036036, "hits_3_head": 0.036036036036036036, "hits_5_head": 0.036036036036036036, "hits_10_head": 0.05405405405405406, "mr_tail": 1363.2792792792793, "mrr_tail": 0.010230179427943558}