{"hits_1_tail": 0.022988505747126436, "hits_3_tail": 0.022988505747126436, "hits_5_tail": 0.022988505747126436, "hits_10_tail": 0.04597701149425287, "mr_head": 981.5862068965517, "mrr_head": 0.02859854724412059, "hits_1_head": 0.011494252873563218, "hits_3_head": 0.011494252873563218, "hits_5_head": 0.034482758620689655, "hits_10_head": 0.04597701149425287, "mr_tail": 1952.632183908046, "mrr_tail": 0.02870426417058268}