{"hits_1_tail": 0.019801980198019802, "hits_3_tail": 0.039603960396039604, "hits_5_tail": 0.04950495049504951, "hits_10_tail": 0.04950495049504951, "mr_head": 651.7425742574258, "mrr_head": 0.06852995137405844, "hits_1_head": 0.009900990099009901, "hits_3_head": 0.0891089108910891, "hits_5_head": 0.10891089108910891, "hits_10_head": 0.15841584158415842, "mr_tail": 1115.1386138613861, "mrr_tail": 0.035491579796381616}