{"hits_1_tail": 0.023622047244094488, "hits_3_tail": 0.023622047244094488, "hits_5_tail": 0.023622047244094488, "hits_10_tail": 0.031496062992125984, "mr_head": 775.1259842519685, "mrr_head": 0.058545135610658605, "hits_1_head": 0.023622047244094488, "hits_3_head": 0.047244094488188976, "hits_5_head": 0.07874015748031496, "hits_10_head": 0.12598425196850394, "mr_tail": 1505.283464566929, "mrr_tail": 0.027609521302874206}