{"hits_1_tail": 0.021739130434782608, "hits_3_tail": 0.03260869565217391, "hits_5_tail": 0.03260869565217391, "hits_10_tail": 0.05434782608695652, "mr_head": 552.3804347826087, "mrr_head": 0.10300769079030259, "hits_1_head": 0.05434782608695652, "hits_3_head": 0.10869565217391304, "hits_5_head": 0.16304347826086957, "hits_10_head": 0.20652173913043478, "mr_tail": 1176.304347826087, "mrr_tail": 0.03435049188052278}