{"hits_1_tail": 0.01935483870967742, "hits_3_tail": 0.025806451612903226, "hits_5_tail": 0.025806451612903226, "hits_10_tail": 0.025806451612903226, "mr_head": 873.1612903225806, "mrr_head": 0.054698629831994944, "hits_1_head": 0.025806451612903226, "hits_3_head": 0.06451612903225806, "hits_5_head": 0.07096774193548387, "hits_10_head": 0.10967741935483871, "mr_tail": 1735.3096774193548, "mrr_tail": 0.023655077741536648}