{"hits_1_tail": 0.01818181818181818, "hits_3_tail": 0.01818181818181818, "hits_5_tail": 0.02727272727272727, "hits_10_tail": 0.02727272727272727, "mr_head": 1067.0363636363636, "mrr_head": 0.03796622826978959, "hits_1_head": 0.01818181818181818, "hits_3_head": 0.03636363636363636, "hits_5_head": 0.045454545454545456, "hits_10_head": 0.06363636363636363, "mr_tail": 1905.1363636363637, "mrr_tail": 0.02299664651849284}