{"hits_1_tail": 0.0, "hits_3_tail": 0.07142857142857142, "hits_5_tail": 0.07142857142857142, "hits_10_tail": 0.14285714285714285, "mr_head": 840.0714285714286, "mrr_head": 0.006750310231974665, "hits_1_head": 0.0, "hits_3_head": 0.0, "hits_5_head": 0.0, "hits_10_head": 0.0, "mr_tail": 374.2142857142857, "mrr_tail": 0.049349438382205714}