{"hits_1_tail": 0.0, "hits_3_tail": 0.01, "hits_5_tail": 0.01, "hits_10_tail": 0.02, "mr_head": 1043.63, "mrr_head": 0.029317473243832156, "hits_1_head": 0.0, "hits_3_head": 0.03, "hits_5_head": 0.04, "hits_10_head": 0.09, "mr_tail": 1736.59, "mrr_tail": 0.00876949943741798}