{"hits_1_tail": 0.015748031496062992, "hits_3_tail": 0.03937007874015748, "hits_5_tail": 0.05511811023622047, "hits_10_tail": 0.05511811023622047, "mr_head": 724.7480314960629, "mrr_head": 0.06925210137695065, "hits_1_head": 0.03937007874015748, "hits_3_head": 0.05511811023622047, "hits_5_head": 0.07086614173228346, "hits_10_head": 0.11811023622047244, "mr_tail": 1528.8031496062993, "mrr_tail": 0.031075360548180823}