{"hits_1_tail": 0.01818181818181818, "hits_3_tail": 0.03636363636363636, "hits_5_tail": 0.03636363636363636, "hits_10_tail": 0.05454545454545454, "mr_head": 1011.1909090909091, "mrr_head": 0.03779280913154568, "hits_1_head": 0.01818181818181818, "hits_3_head": 0.02727272727272727, "hits_5_head": 0.045454545454545456, "hits_10_head": 0.07272727272727272, "mr_tail": 1895.7636363636364, "mrr_tail": 0.029990053423987074}