{"hits_1_tail": 0.07142857142857142, "hits_3_tail": 0.07142857142857142, "hits_5_tail": 0.07142857142857142, "hits_10_tail": 0.07142857142857142, "mr_head": 765.2857142857143, "mrr_head": 0.008165642225824254, "hits_1_head": 0.0, "hits_3_head": 0.0, "hits_5_head": 0.0, "hits_10_head": 0.0, "mr_tail": 456.7857142857143, "mrr_tail": 0.08904747379797619}