{"hits_1_tail": 0.01935483870967742, "hits_3_tail": 0.025806451612903226, "hits_5_tail": 0.03225806451612903, "hits_10_tail": 0.03225806451612903, "mr_head": 901.7741935483871, "mrr_head": 0.04949104972749708, "hits_1_head": 0.025806451612903226, "hits_3_head": 0.03870967741935484, "hits_5_head": 0.05806451612903226, "hits_10_head": 0.09032258064516129, "mr_tail": 1632.9354838709678, "mrr_tail": 0.02618356317711277}