{"hits_1_tail": 0.0, "hits_3_tail": 0.02702702702702703, "hits_5_tail": 0.02702702702702703, "hits_10_tail": 0.02702702702702703, "mr_head": 695.4684684684685, "mrr_head": 0.030090231079784382, "hits_1_head": 0.0, "hits_3_head": 0.018018018018018018, "hits_5_head": 0.05405405405405406, "hits_10_head": 0.06306306306306306, "mr_tail": 1431.5945945945946, "mrr_tail": 0.01477761281061228}