{"hits_1_tail": 0.022988505747126436, "hits_3_tail": 0.022988505747126436, "hits_5_tail": 0.022988505747126436, "hits_10_tail": 0.022988505747126436, "mr_head": 916.5862068965517, "mrr_head": 0.035235212901440216, "hits_1_head": 0.022988505747126436, "hits_3_head": 0.022988505747126436, "hits_5_head": 0.022988505747126436, "hits_10_head": 0.05747126436781609, "mr_tail": 1843.712643678161, "mrr_tail": 0.025586898579940964}