{"hits_1_tail": 0.019801980198019802, "hits_3_tail": 0.039603960396039604, "hits_5_tail": 0.04950495049504951, "hits_10_tail": 0.04950495049504951, "mr_head": 656.5742574257425, "mrr_head": 0.0687877157779942, "hits_1_head": 0.009900990099009901, "hits_3_head": 0.0891089108910891, "hits_5_head": 0.09900990099009901, "hits_10_head": 0.16831683168316833, "mr_tail": 1079.8712871287128, "mrr_tail": 0.03312810802116706}