{"hits_1_tail": 0.021739130434782608, "hits_3_tail": 0.043478260869565216, "hits_5_tail": 0.05434782608695652, "hits_10_tail": 0.05434782608695652, "mr_head": 509.6304347826087, "mrr_head": 0.07259934720106818, "hits_1_head": 0.03260869565217391, "hits_3_head": 0.043478260869565216, "hits_5_head": 0.11956521739130435, "hits_10_head": 0.17391304347826086, "mr_tail": 1203.4021739130435, "mrr_tail": 0.03706636804971229}