{"hits_1_tail": 0.0, "hits_3_tail": 0.01, "hits_5_tail": 0.02, "hits_10_tail": 0.02, "mr_head": 1093.81, "mrr_head": 0.040458828019543806, "hits_1_head": 0.02, "hits_3_head": 0.04, "hits_5_head": 0.05, "hits_10_head": 0.06, "mr_tail": 1837.45, "mrr_tail": 0.010340157131825725}