{"hits_1_tail": 0.009009009009009009, "hits_3_tail": 0.018018018018018018, "hits_5_tail": 0.036036036036036036, "hits_10_tail": 0.036036036036036036, "mr_head": 698.1081081081081, "mrr_head": 0.02224092162588073, "hits_1_head": 0.0, "hits_3_head": 0.0, "hits_5_head": 0.009009009009009009, "hits_10_head": 0.08108108108108109, "mr_tail": 1490.4054054054054, "mrr_tail": 0.01896001266211652}