{"hits_1_tail": 0.012903225806451613, "hits_3_tail": 0.01935483870967742, "hits_5_tail": 0.025806451612903226, "hits_10_tail": 0.03225806451612903, "mr_head": 905.3741935483871, "mrr_head": 0.05010398035011648, "hits_1_head": 0.01935483870967742, "hits_3_head": 0.04516129032258064, "hits_5_head": 0.07096774193548387, "hits_10_head": 0.0967741935483871, "mr_tail": 1610.8451612903225, "mrr_tail": 0.0200861090747275}