{"hits_1_tail": 0.021739130434782608, "hits_3_tail": 0.043478260869565216, "hits_5_tail": 0.043478260869565216, "hits_10_tail": 0.043478260869565216, "mr_head": 525.0217391304348, "mrr_head": 0.08632839448257809, "hits_1_head": 0.05434782608695652, "hits_3_head": 0.07608695652173914, "hits_5_head": 0.07608695652173914, "hits_10_head": 0.15217391304347827, "mr_tail": 1241.054347826087, "mrr_tail": 0.03421916259406363}