{"hits_1_tail": 0.007874015748031496, "hits_3_tail": 0.047244094488188976, "hits_5_tail": 0.047244094488188976, "hits_10_tail": 0.047244094488188976, "mr_head": 770.6692913385826, "mrr_head": 0.05843412962418829, "hits_1_head": 0.023622047244094488, "hits_3_head": 0.05511811023622047, "hits_5_head": 0.08661417322834646, "hits_10_head": 0.13385826771653545, "mr_tail": 1489.251968503937, "mrr_tail": 0.028696392448534582}