{"hits_1_tail": 0.01818181818181818, "hits_3_tail": 0.02727272727272727, "hits_5_tail": 0.02727272727272727, "hits_10_tail": 0.02727272727272727, "mr_head": 1124.1272727272728, "mrr_head": 0.035912317591082606, "hits_1_head": 0.01818181818181818, "hits_3_head": 0.02727272727272727, "hits_5_head": 0.03636363636363636, "hits_10_head": 0.05454545454545454, "mr_tail": 2109.9636363636364, "mrr_tail": 0.023290952340301832}