{"hits_1_tail": 0.022988505747126436, "hits_3_tail": 0.034482758620689655, "hits_5_tail": 0.034482758620689655, "hits_10_tail": 0.04597701149425287, "mr_head": 851.9540229885057, "mrr_head": 0.04364459277554972, "hits_1_head": 0.022988505747126436, "hits_3_head": 0.04597701149425287, "hits_5_head": 0.04597701149425287, "hits_10_head": 0.08045977011494253, "mr_tail": 1832.2528735632184, "mrr_tail": 0.030889882962522482}