{"hits_1_tail": 0.07142857142857142, "hits_3_tail": 0.07142857142857142, "hits_5_tail": 0.07142857142857142, "hits_10_tail": 0.07142857142857142, "mr_head": 899.0, "mrr_head": 0.007705258011700418, "hits_1_head": 0.0, "hits_3_head": 0.0, "hits_5_head": 0.0, "hits_10_head": 0.0, "mr_tail": 500.7857142857143, "mrr_tail": 0.08274579747628678}