{"hits_1_tail": 0.0, "hits_3_tail": 0.02, "hits_5_tail": 0.02, "hits_10_tail": 0.03, "mr_head": 1129.65, "mrr_head": 0.03411569135251731, "hits_1_head": 0.02, "hits_3_head": 0.03, "hits_5_head": 0.03, "hits_10_head": 0.05, "mr_tail": 1814.67, "mrr_tail": 0.011517909834738658}